TimeNumber,TempOutside,QuantMilk,Car,SizeBagBig,SizeBagSmall,TempRise
0.001493056,27,8,0,0,1,0
0.002974537,27,8,0,0,1,0
0.003414352,27,8,0,0,1,0.09
0.00349537,27,8,0,0,1,0.09
0.004976852,27,8,0,0,1,0.09
0.006446759,27,8,0,0,1,0.09
0.006898148,27,8,0,0,1,0.21
0.006956019,27,8,0,0,1,0.21
0.008425926,27,8,0,0,1,0.21
0.009907407,27,8,0,0,1,0.21
0.010381944,27,8,0,0,1,0.37
0.010451389,27,8,0,0,1,0.37
0.01193287,27,8,0,0,1,0.37
0.013425926,27,8,0,0,1,0.37
0.013865741,27,8,0,0,1,0.52
0.013923611,27,8,0,0,1,0.52
0.015428241,27,8,0,0,1,0.52
0.016944444,27,8,0,0,1,0.52
0.017337963,27,8,0,0,1,0.67
0.018425926,27,8,0,0,1,0.67
0.019907407,27,8,0,0,1,0.67
0.020821759,27,8,0,0,1,0.83
0.020891204,27,8,0,0,1,0.83
0.022372685,27,8,0,0,1,0.83
0.023877315,27,8,0,0,1,0.83
0.024293981,27,8,0,0,1,0.99
0.025358796,27,8,0,0,1,0.99
0.001469907,28,10,0,1,0,0
0.002025463,28,10,0,1,0,0.2
0.002083333,28,10,0,1,0,0.2
0.003553241,28,10,0,1,0,0.2
0.005023148,28,10,0,1,0,0.2
0.005509259,28,10,0,1,0,0.34
0.00556713,28,10,0,1,0,0.34
0.007048611,28,10,0,1,0,0.34
0.008553241,28,10,0,1,0,0.34
0.008993056,28,10,0,1,0,0.44
0.009074074,28,10,0,1,0,0.44
0.011238426,28,10,0,1,0,0.46
0.011412037,28,10,0,1,0,0.46
0.012881944,28,10,0,1,0,0.53
0.014363426,28,10,0,1,0,0.53
0.014895833,28,10,0,1,0,0.68
0.014965278,28,10,0,1,0,0.68
0.016446759,28,10,0,1,0,0.68
0.017951389,28,10,0,1,0,0.68
0.01837963,28,10,0,1,0,1.15
0.0184375,28,10,0,1,0,1.15
0.019918981,28,10,0,1,0,1.15
0.021400463,28,10,0,1,0,1.15
0.021863426,28,10,0,1,0,1.39
0.021921296,28,10,0,1,0,1.39
0.023402778,28,10,0,1,0,1.39
0.024907407,28,10,0,1,0,1.39
0.025347222,28,10,0,1,0,1.56
0.025416667,28,10,0,1,0,1.56
0.000104167,23,2,0,1,0,0
0.001574074,23,2,0,1,0,0
0.003032407,23,2,0,1,0,0
0.003483796,23,2,0,1,0,0.24
0.003865741,23,2,0,1,0,0.24
0.005324074,23,2,0,1,0,0.24
0.006782407,23,2,0,1,0,0.24
0.006967593,23,2,0,1,0,0.54
0.007025463,23,2,0,1,0,0.54
0.00849537,23,2,0,1,0,0.54
0.009965278,23,2,0,1,0,0.54
0.010451389,23,2,0,1,0,0.76
0.010497685,23,2,0,1,0,0.76
0.011979167,23,2,0,1,0,0.76
0.013460648,23,2,0,1,0,0.76
0.013935185,23,2,0,1,0,1.08
0.013981481,23,2,0,1,0,1.08
0.015740741,23,2,0,1,0,1.08
0.017199074,23,2,0,1,0,1.08
0.017418981,23,2,0,1,0,1.47
0.017476852,23,2,0,1,0,1.47
0.018946759,23,2,0,1,0,1.47
0.020393519,23,2,0,1,0,1.47
0.020902778,23,2,0,1,0,1.96
0.020960648,23,2,0,1,0,1.96
0.022430556,23,2,0,1,0,1.96
0.023888889,23,2,0,1,0,1.96
0.024386574,23,2,0,1,0,2.36
0.02443287,23,2,0,1,0,2.36
0.025891204,23,2,0,1,0,2.36
0.027349537,23,2,0,1,0,2.36
0.02787037,23,2,0,1,0,2.53
0.027928241,23,2,0,1,0,2.53
0.029386574,23,2,0,1,0,2.53
0.030891204,23,2,0,1,0,2.53
0.031354167,23,2,0,1,0,2.67
0.031412037,23,2,0,1,0,2.67
0.032893519,23,2,0,1,0,2.67
0.001469907,11,6,0,1,0,0
0.001979167,11,6,0,1,0,0.02
0.002037037,11,6,0,1,0,0.02
0.00349537,11,6,0,1,0,0.02
0.004965278,11,6,0,1,0,0.02
0.005462963,11,6,0,1,0,0.02
0.005520833,11,6,0,1,0,0.02
0.006979167,11,6,0,1,0,0.02
0.008460648,11,6,0,1,0,0.02
0.008946759,11,6,0,1,0,0.11
0.00900463,11,6,0,1,0,0.11
0.010474537,11,6,0,1,0,0.11
0.011956019,11,6,0,1,0,0.11
0.012418981,11,6,0,1,0,0.21
0.012488426,11,6,0,1,0,0.21
0.013958333,11,6,0,1,0,0.21
0.015451389,11,6,0,1,0,0.21
0.015902778,11,6,0,1,0,0.32
0.015972222,11,6,0,1,0,0.32
0.017453704,11,6,0,1,0,0.32
0.018935185,11,6,0,1,0,0.32
0.019386574,11,6,0,1,0,0.43
0.019444444,11,6,0,1,0,0.43
0.020914352,11,6,0,1,0,0.43
0.022395833,11,6,0,1,0,0.43
0.02287037,11,6,0,1,0,0.51
0.022928241,11,6,0,1,0,0.51
0.001481481,14,3,0,1,0,0
0.002974537,14,3,0,1,0,0
0.003402778,14,3,0,1,0,0.05
0.003460648,14,3,0,1,0,0.05
0.00494213,14,3,0,1,0,0.05
0.006446759,14,3,0,1,0,0.05
0.006886574,14,3,0,1,0,0.13
0.006967593,14,3,0,1,0,0.13
0.008460648,14,3,0,1,0,0.13
0.009953704,14,3,0,1,0,0.13
0.010358796,14,3,0,1,0,0.12
0.011435185,14,3,0,1,0,0.12
0.012916667,14,3,0,1,0,0.12
0.013842593,14,3,0,1,0,0.26
0.013900463,14,3,0,1,0,0.26
0.015393519,14,3,0,1,0,0.26
0.016875,14,3,0,1,0,0.26
0.017326389,14,3,0,1,0,0.45
0.017395833,14,3,0,1,0,0.45
0.018900463,14,3,0,1,0,0.45
0.02037037,14,3,0,1,0,0.45
0.020810185,14,3,0,1,0,0.63
0.02087963,14,3,0,1,0,0.63
0.022372685,14,3,0,1,0,0.63
0.023854167,14,3,0,1,0,0.63
0.024293981,14,3,0,1,0,0.83
0.02443287,14,3,0,1,0,0.83
0.025972222,14,3,0,1,0,0.83
0.027523148,14,3,0,1,0,0.83
0.001481481,13,5,0,1,0,0
0.002025463,13,5,0,1,0,0.01
0.002094907,13,5,0,1,0,0.01
0.003576389,13,5,0,1,0,0.01
0.005046296,13,5,0,1,0,0.01
0.005509259,13,5,0,1,0,0.08
0.00556713,13,5,0,1,0,0.08
0.007048611,13,5,0,1,0,0.08
0.008518519,13,5,0,1,0,0.08
0.008993056,13,5,0,1,0,0.21
0.009050926,13,5,0,1,0,0.21
0.010532407,13,5,0,1,0,0.21
0.012002315,13,5,0,1,0,0.21
0.012476852,13,5,0,1,0,0.36
0.012534722,13,5,0,1,0,0.36
0.014016204,13,5,0,1,0,0.36
0.015497685,13,5,0,1,0,0.36
0.015960648,13,5,0,1,0,0.66
0.016018519,13,5,0,1,0,0.66
0.017488426,13,5,0,1,0,0.66
0.01900463,13,5,0,1,0,0.66
0.01943287,13,5,0,1,0,0.96
0.020462963,13,5,0,1,0,0.96
0.02193287,13,5,0,1,0,0.96
0.022905093,13,5,0,1,0,1.1
0.022962963,13,5,0,1,0,1.1
0.024467593,13,5,0,1,0,1.1
0.0259375,13,5,0,1,0,1.1
0.026388889,13,5,0,1,0,1.34
0.026446759,13,5,0,1,0,1.34
0.027916667,13,5,0,1,0,1.34
0.029386574,13,5,0,1,0,1.34
0.029872685,13,5,0,1,0,1.52
0.029930556,13,5,0,1,0,1.52
0.031400463,13,5,0,1,0,1.52
0.03287037,13,5,0,1,0,1.52
0.033356481,13,5,0,1,0,1.71
0.033425926,13,5,0,1,0,1.71
0.034895833,13,5,0,1,0,1.71
0.036354167,13,5,0,1,0,1.71
0.036840278,13,5,0,1,0,1.93
0.036898148,13,5,0,1,0,1.93
0.03837963,13,5,0,1,0,1.93
0.039861111,13,5,0,1,0,1.93
0.040324074,13,5,0,1,0,2.12
0.040381944,13,5,0,1,0,2.12
0.041979167,13,5,0,1,0,2.12
0.043460648,13,5,0,1,0,2.12
0.04380787,13,5,0,1,0,2.36
0.043854167,13,5,0,1,0,2.36
0.045381944,13,5,0,1,0,2.36
0.046863426,13,5,0,1,0,2.36
0.047291667,13,5,0,1,0,2.65
0.047337963,13,5,0,1,0,2.65
0.048854167,13,5,0,1,0,2.65
0.050763889,13,5,0,1,0,2.83
0.052418981,13,5,0,1,0,2.83
0.053900463,13,5,0,1,0,2.83
0.054247685,13,5,0,1,0,3.15
0.054293981,13,5,0,1,0,3.15
0.055810185,13,5,0,1,0,3.15
0.057280093,13,5,0,1,0,3.15
0.057719907,13,5,0,1,0,3.49
0.057777778,13,5,0,1,0,3.49
0.059247685,13,5,0,1,0,3.49
0.060729167,13,5,0,1,0,3.49
0.061203704,13,5,0,1,0,3.9
0.061261574,13,5,0,1,0,3.9
0.062731481,13,5,0,1,0,3.9
0.064212963,13,5,0,1,0,3.9
0.0646875,13,5,0,1,0,4.19
0.064756944,13,5,0,1,0,4.19
0.066238426,13,5,0,1,0,4.19
0.067708333,13,5,0,1,0,4.19
0.068171296,13,5,0,1,0,4.41
0.068229167,13,5,0,1,0,4.41
0.069699074,13,5,0,1,0,4.41
0.071180556,13,5,0,1,0,4.41
0.071655093,13,5,0,1,0,4.49
0.071724537,13,5,0,1,0,4.49
0.073229167,13,5,0,1,0,6.59
0.097847222,13,5,0,1,0,6.59
0.098761574,13,5,0,1,0,6.59
0.100231481,13,5,0,1,0,7.24
0.101712963,13,5,0,1,0,7.24
0.10224537,13,5,0,1,0,7.29
0.102326389,13,5,0,1,0,7.29
0.103819444,13,5,0,1,0,7.29
0.105300926,13,5,0,1,0,7.29
0.105729167,13,5,0,1,0,7.34
0.105821759,13,5,0,1,0,7.34
0.1075,13,5,0,1,0,7.34
0.108981481,13,5,0,1,0,7.34
0.00150463,-8,1,1,1,0,0
0.002986111,-8,1,1,1,0,0
0.003402778,-8,1,1,1,0,0.07
0.003472222,-8,1,1,1,0,0.07
0.005023148,-8,1,1,1,0,0.07
0.006516204,-8,1,1,1,0,0.07
0.006875,-8,1,1,1,0,0.26
0.007222222,-8,1,1,1,0,0.26
0.008935185,-8,1,1,1,0,0.26
0.010347222,-8,1,1,1,0,0.51
0.010428241,-8,1,1,1,0,0.52
0.01744213,-8,1,1,1,0,0.52
0.018831019,-8,1,1,1,0,0.91
0.020335648,-8,1,1,1,0,0.91
0.021840278,-8,1,1,1,0,0.91
0.022314815,-8,1,1,1,0,1.06
0.022395833,-8,1,1,1,0,1.06
0.023946759,-8,1,1,1,0,1.06
0.025462963,-8,1,1,1,0,1.06
0.025798611,-8,1,1,1,0,1.32
0.02587963,-8,1,1,1,0,1.32
0.027384259,-8,1,1,1,0,1.32
0.028865741,-8,1,1,1,0,1.32
0.029282407,-8,1,1,1,0,1.57
0.029351852,-8,1,1,1,0,1.57
0.030833333,-8,1,1,1,0,1.57
0.032326389,-8,1,1,1,0,1.57
0.032766204,-8,1,1,1,0,1.87
0.032835648,-8,1,1,1,0,1.87
0.034340278,-8,1,1,1,0,1.87
0.035821759,-8,1,1,1,0,1.87
0.03625,-8,1,1,1,0,2.16
0.036331019,-8,1,1,1,0,2.16
0.037858796,-8,1,1,1,0,2.16
0.039340278,-8,1,1,1,0,2.16
0.039733796,-8,1,1,1,0,2.45
0.039814815,-8,1,1,1,0,2.45
0.041319444,-8,1,1,1,0,2.45
0.0428125,-8,1,1,1,0,2.45
0.043217593,-8,1,1,1,0,2.72
0.043298611,-8,1,1,1,0,2.72
6.94444E-05,8,5,0,1,0,0
0.003483796,8,5,0,1,0,0.04
0.003541667,8,5,0,1,0,0.04
0.005011574,8,5,0,1,0,0.04
0.006481481,8,5,0,1,0,0.04
0.006967593,8,5,0,1,0,0.18
0.007025463,8,5,0,1,0,0.18
0.00849537,8,5,0,1,0,0.18
0.009965278,8,5,0,1,0,0.18
0.010451389,8,5,0,1,0,0.38
0.010509259,8,5,0,1,0,0.38
0.011979167,8,5,0,1,0,0.38
0.0134375,8,5,0,1,0,0.38
0.013935185,8,5,0,1,0,0.52
0.013993056,8,5,0,1,0,0.52
0.015451389,8,5,0,1,0,0.52
0.016921296,8,5,0,1,0,0.52
0.017418981,8,5,0,1,0,1.18
0.017476852,8,5,0,1,0,1.18
6.94444E-05,12,4,0,0,0,0
0.001539352,12,4,0,0,0,0
0.003043981,12,4,0,0,0,0
0.003483796,12,4,0,0,0,0.09
0.003564815,12,4,0,0,0,0.09
0.005046296,12,4,0,0,0,0.09
0.006527778,12,4,0,0,0,0.09
0.006967593,12,4,0,0,0,0.24
0.007037037,12,4,0,0,0,0.24
0.008518519,12,4,0,0,0,0.24
0.010046296,12,4,0,0,0,0.24
0.010439815,12,4,0,0,0,0.4
0.011539352,12,4,0,0,0,0.4
0.013090278,12,4,0,0,0,0.4
0.013923611,12,4,0,0,0,0.58
0.013993056,12,4,0,0,0,0.58
0.015520833,12,4,0,0,0,0.58
0.017002315,12,4,0,0,0,0.58
0.017407407,12,4,0,0,0,0.77
0.017488426,12,4,0,0,0,0.77
0.018993056,12,4,0,0,0,0.77
0.020497685,12,4,0,0,0,0.77
0.020891204,12,4,0,0,0,0.94
0.02099537,12,4,0,0,0,0.94
0.022534722,12,4,0,0,0,0.94
0.024097222,12,4,0,0,0,0.94
0.024363426,12,4,0,0,0,1.13
0.025590278,12,4,0,0,0,1.13
0.027083333,12,4,0,0,0,1.13
0.027847222,12,4,0,0,0,1.32
0.027916667,12,4,0,0,0,1.32
0.029409722,12,4,0,0,0,1.32
0.030902778,12,4,0,0,0,1.32
0.031331019,12,4,0,0,0,1.51
0.031388889,12,4,0,0,0,1.51
0.032881944,12,4,0,0,0,1.51
0.034398148,12,4,0,0,0,1.51
0.034814815,12,4,0,0,0,1.69
0.034895833,12,4,0,0,0,1.69
0.036400463,12,4,0,0,0,1.69
0.00150463,25,20,1,1,0,0
0.003020833,25,20,1,1,0,0
0.003414352,25,20,1,1,0,-0.01
0.003506944,25,20,1,1,0,-0.01
0.005046296,25,20,1,1,0,-0.01
0.006539352,25,20,1,1,0,-0.01
0.006898148,25,20,1,1,0,0.04
0.006990741,25,20,1,1,0,0.04
0.00849537,25,20,1,1,0,0.04
0.009988426,25,20,1,1,0,0.04
0.010381944,25,20,1,1,0,0.1
0.010439815,25,20,1,1,0,0.1
0.011990741,25,20,1,1,0,0.1
0.013483796,25,20,1,1,0,0.1
0.013865741,25,20,1,1,0,0.18
0.013946759,25,20,1,1,0,0.18
0.015428241,25,20,1,1,0,0.18
0.016944444,25,20,1,1,0,0.18
0.017349537,25,20,1,1,0,0.26
0.017418981,25,20,1,1,0,0.26
0.018912037,25,20,1,1,0,0.26
0.020405093,25,20,1,1,0,0.26
0.020833333,25,20,1,1,0,0.39
0.020925926,25,20,1,1,0,0.39
0.022430556,25,20,1,1,0,0.39
0.023912037,25,20,1,1,0,0.39
0.024305556,25,20,1,1,0,0.57
0.025405093,25,20,1,1,0,0.57
0.026921296,25,20,1,1,0,0.57
0.027789352,25,20,1,1,0,0.7
0.027881944,25,20,1,1,0,0.7
0.029375,25,20,1,1,0,0.7
0.03087963,25,20,1,1,0,0.7
0.031273148,25,20,1,1,0,0.86
0.031377315,25,20,1,1,0,0.86
0.03287037,25,20,1,1,0,0.86
0.034375,25,20,1,1,0,0.86
0.034756944,25,20,1,1,0,1.07
0.034837963,25,20,1,1,0,1.07
0.036331019,25,20,1,1,0,1.07
0.037847222,25,20,1,1,0,1.07
0.038240741,25,20,1,1,0,1.22
0.038333333,25,20,1,1,0,1.22
0.039837963,25,20,1,1,0,1.22
0.041377315,25,20,1,1,0,1.22
0.041712963,25,20,1,1,0,1.36
0.042881944,25,20,1,1,0,1.36
0.04443287,25,20,1,1,0,1.36
0.045196759,25,20,1,1,0,1.44
0.045266204,25,20,1,1,0,1.44
0.047326389,25,20,1,1,0,1.44
0.048680556,25,20,1,1,0,1.53
0.048773148,25,20,1,1,0,1.53
0.050277778,25,20,1,1,0,1.53
0.051793981,25,20,1,1,0,1.53
0.052164352,25,20,1,1,0,1.65
0.052256944,25,20,1,1,0,1.65
0.05375,25,20,1,1,0,1.65
0.05525463,25,20,1,1,0,1.65
0.055648148,25,20,1,1,0,1.76
0.055856481,25,20,1,1,0,1.76
0.05912037,25,20,1,1,0,1.86
0.059189815,25,20,1,1,0,1.86
0.060752315,25,20,1,1,0,1.86
0.062280093,25,20,1,1,0,1.86
0.062604167,25,20,1,1,0,1.94
0.062696759,25,20,1,1,0,1.94
0.064201389,25,20,1,1,0,1.94
0.065798611,25,20,1,1,0,1.95
0.068344907,25,20,1,1,0,1.95
0.068877315,25,20,1,1,0,1.97
0.070393519,25,20,1,1,0,1.97
0.071967593,25,20,1,1,0,1.97
0.072349537,25,20,1,1,0,2.08
0.073483796,25,20,1,1,0,2.08
0.075034722,25,20,1,1,0,2.08
0.075833333,25,20,1,1,0,2.1
0.075949074,25,20,1,1,0,2.1
0.077465278,25,20,1,1,0,2.1
0.079039352,25,20,1,1,0,2.1
0.079305556,25,20,1,1,0,2.12
0.08056713,25,20,1,1,0,2.12
0.082118056,25,20,1,1,0,2.12
0.082789352,25,20,1,1,0,2.12
0.082905093,25,20,1,1,0,2.12
0.084456019,25,20,1,1,0,2.12
0.085983796,25,20,1,1,0,2.12
0.086273148,25,20,1,1,0,2.13
0.086365741,25,20,1,1,0,2.13
0.087916667,25,20,1,1,0,2.13
0.089444444,25,20,1,1,0,2.13
0.089756944,25,20,1,1,0,2.15
0.089849537,25,20,1,1,0,2.15
0.091342593,25,20,1,1,0,2.15
0.092881944,25,20,1,1,0,2.15
0.093240741,25,20,1,1,0,2.17
0.093344907,25,20,1,1,0,2.17
0.095578704,25,20,1,1,0,2.17
0.096724537,25,20,1,1,0,2.21
0.096979167,25,20,1,1,0,2.21
0.098530093,25,20,1,1,0,2.21
0.100069444,25,20,1,1,0,2.21
0.100196759,25,20,1,1,0,2.24
0.101701389,25,20,1,1,0,2.24
0.103275463,25,20,1,1,0,2.24
0.103668981,25,20,1,1,0,2.27
0.105914352,25,20,1,1,0,2.27
0.107152778,25,20,1,1,0,2.31
0.107291667,25,20,1,1,0,2.31
0.108900463,25,20,1,1,0,2.31
0.110416667,25,20,1,1,0,2.31
0.110636574,25,20,1,1,0,2.35
0.110740741,25,20,1,1,0,2.35
0.112233796,25,20,1,1,0,2.35
0.113726852,25,20,1,1,0,2.35
0.11412037,25,20,1,1,0,2.43
0.114212963,25,20,1,1,0,2.43
0.115752315,25,20,1,1,0,2.43
0.117326389,25,20,1,1,0,2.43
0.117604167,25,20,1,1,0,2.44
0.117731481,25,20,1,1,0,2.44
0.119247685,25,20,1,1,0,2.44
0.120787037,25,20,1,1,0,2.44
0.121087963,25,20,1,1,0,2.49
0.121226852,25,20,1,1,0,2.49
0.122777778,25,20,1,1,0,2.49
0.124328704,25,20,1,1,0,2.49
0.124571759,25,20,1,1,0,2.55
0.124675926,25,20,1,1,0,2.55
0.126238426,25,20,1,1,0,2.55
0.127743056,25,20,1,1,0,2.55
0.128055556,25,20,1,1,0,2.6
0.128136574,25,20,1,1,0,2.6
0.129664352,25,20,1,1,0,2.6
0.131180556,25,20,1,1,0,2.6
0.131539352,25,20,1,1,0,2.51
0.13162037,25,20,1,1,0,2.51
0.133854167,25,20,1,1,0,2.51
0.135023148,25,20,1,1,0,2.79
0.135150463,25,20,1,1,0,2.79
0.136689815,25,20,1,1,0,2.79
0.138252315,25,20,1,1,0,2.79
0.13849537,25,20,1,1,0,3.09
0.139780093,25,20,1,1,0,3.09
0.141365741,25,20,1,1,0,3.09
0.141979167,25,20,1,1,0,3.28
0.142106481,25,20,1,1,0,3.28
0.143831019,25,20,1,1,0,3.28
0.145451389,25,20,1,1,0,3.46
0.147662037,25,20,1,1,0,3.46
0.148935185,25,20,1,1,0,3.6
0.149039352,25,20,1,1,0,3.6
0.150555556,25,20,1,1,0,3.6
0.152071759,25,20,1,1,0,3.6
0.152418981,25,20,1,1,0,3.74
0.152488426,25,20,1,1,0,3.74
0.154733796,25,20,1,1,0,3.74
0.155902778,25,20,1,1,0,3.86
0.156041667,25,20,1,1,0,3.86
0.15869213,25,20,1,1,0,3.86
0.159386574,25,20,1,1,0,3.97
0.159490741,25,20,1,1,0,3.97
0.161701389,25,20,1,1,0,3.97
0.16287037,25,20,1,1,0,4.08
0.162962963,25,20,1,1,0,4.08
0.164513889,25,20,1,1,0,4.08
0.166087963,25,20,1,1,0,4.08
0.166354167,25,20,1,1,0,4.17
0.166423611,25,20,1,1,0,4.17
0.167928241,25,20,1,1,0,4.17
0.169409722,25,20,1,1,0,4.17
8.10185E-05,27,17.5,1,1,0,0
0.001585648,27,17.5,1,1,0,0
0.003113426,27,17.5,1,1,0,0
0.003472222,27,17.5,1,1,0,0
0.003611111,27,17.5,1,1,0,0
0.005821759,27,17.5,1,1,0,0
0.006956019,27,17.5,1,1,0,0.01
0.007060185,27,17.5,1,1,0,0.01
0.008587963,27,17.5,1,1,0,0.01
0.010138889,27,17.5,1,1,0,0.01
0.010428241,27,17.5,1,1,0,0.05
0.011655093,27,17.5,1,1,0,0.05
0.01318287,27,17.5,1,1,0,0.05
0.013912037,27,17.5,1,1,0,0.08
0.014016204,27,17.5,1,1,0,0.08
0.015578704,27,17.5,1,1,0,0.08
0.017118056,27,17.5,1,1,0,0.08
0.017395833,27,17.5,1,1,0,0.14
0.017488426,27,17.5,1,1,0,0.14
0.01900463,27,17.5,1,1,0,0.14
0.020520833,27,17.5,1,1,0,0.14
0.02087963,27,17.5,1,1,0,0.16
0.020972222,27,17.5,1,1,0,0.16
0.022511574,27,17.5,1,1,0,0.16
0.024039352,27,17.5,1,1,0,0.16
0.024363426,27,17.5,1,1,0,0.23
0.024444444,27,17.5,1,1,0,0.23
0.026701389,27,17.5,1,1,0,0.23
0.027847222,27,17.5,1,1,0,0.29
0.027962963,27,17.5,1,1,0,0.29
0.029467593,27,17.5,1,1,0,0.29
0.031006944,27,17.5,1,1,0,0.29
0.031331019,27,17.5,1,1,0,0.34
0.031423611,27,17.5,1,1,0,0.34
0.032974537,27,17.5,1,1,0,0.34
0.034513889,27,17.5,1,1,0,0.34
0.034814815,27,17.5,1,1,0,0.45
0.034930556,27,17.5,1,1,0,0.45
0.053784722,27,17.5,1,1,0,0.45
0.054513889,27,17.5,1,1,0,0.45
0.056041667,27,17.5,1,1,0,1.1
0.057673611,27,17.5,1,1,0,1.1
0.057997685,27,17.5,1,1,0,1.41
0.058090278,27,17.5,1,1,0,1.41
0.059641204,27,17.5,1,1,0,1.41
0.061203704,27,17.5,1,1,0,1.41
0.061469907,27,17.5,1,1,0,1.69
0.062766204,27,17.5,1,1,0,1.69
0.064398148,27,17.5,1,1,0,1.69
0.064953704,27,17.5,1,1,0,1.87
0.065162037,27,17.5,1,1,0,1.87
0.066770833,27,17.5,1,1,0,1.87
0.068368056,27,17.5,1,1,0,1.87
0.08193287,27,17.5,1,1,0,2.01
0.083298611,27,17.5,1,1,0,2.01
0.084849537,27,17.5,1,1,0,2.27
0.086435185,27,17.5,1,1,0,2.27
0.086782407,27,17.5,1,1,0,2.34
0.086898148,27,17.5,1,1,0,2.34
0.00150463,8,9,1,1,0,0
0.001886574,8,9,1,1,0,0.05
0.001956019,8,9,1,1,0,0.05
0.003460648,8,9,1,1,0,0.05
0.004953704,8,9,1,1,0,0.05
0.00537037,8,9,1,1,0,0.13
0.005462963,8,9,1,1,0,0.13
0.006956019,8,9,1,1,0,0.13
0.008449074,8,9,1,1,0,0.13
0.008854167,8,9,1,1,0,0.27
0.008935185,8,9,1,1,0,0.27
0.010439815,8,9,1,1,0,0.27
0.01193287,8,9,1,1,0,0.27
0.012337963,8,9,1,1,0,0.38
0.012407407,8,9,1,1,0,0.38
0.013923611,8,9,1,1,0,0.38
0.015462963,8,9,1,1,0,0.38
0.015821759,8,9,1,1,0,0.51
0.015902778,8,9,1,1,0,0.51
0.017407407,8,9,1,1,0,0.51
0.018923611,8,9,1,1,0,0.51
0.019305556,8,9,1,1,0,0.67
0.019375,8,9,1,1,0,0.67
0.02087963,8,9,1,1,0,0.67
0.022384259,8,9,1,1,0,0.67
0.022789352,8,9,1,1,0,0.8
0.022858796,8,9,1,1,0,0.8
0.001481481,1,10,1,1,0,0
0.002997685,1,10,1,1,0,0
0.003414352,1,10,1,1,0,0.04
0.003483796,1,10,1,1,0,0.04
0.005,1,10,1,1,0,0.04
0.006493056,1,10,1,1,0,0.04
0.006898148,1,10,1,1,0,0.22
0.007002315,1,10,1,1,0,0.22
0.00849537,1,10,1,1,0,0.22
0.010231481,1,10,1,1,0,0.22
0.010381944,1,10,1,1,0,0.44
0.010474537,1,10,1,1,0,0.44
0.011990741,1,10,1,1,0,0.44
0.013483796,1,10,1,1,0,0.44
0.013865741,1,10,1,1,0,0.73
0.013935185,1,10,1,1,0,0.73
0.015451389,1,10,1,1,0,0.73
0.016944444,1,10,1,1,0,0.73
0.017349537,1,10,1,1,0,0.99
0.017418981,1,10,1,1,0,0.99
0.018900463,1,10,1,1,0,0.99
0.020416667,1,10,1,1,0,0.99
0.020833333,1,10,1,1,0,1.24
0.020902778,1,10,1,1,0,1.24
0.022384259,1,10,1,1,0,1.24
0.023877315,1,10,1,1,0,1.24
0.02431713,1,10,1,1,0,1.55
0.024398148,1,10,1,1,0,1.55
0.0259375,1,10,1,1,0,1.55
0.027453704,1,10,1,1,0,1.55
0.027800926,1,10,1,1,0,1.83
0.027928241,1,10,1,1,0,1.83
0.029456019,1,10,1,1,0,1.83
0.0309375,1,10,1,1,0,1.83
0.031284722,1,10,1,1,0,2.05
0.031342593,1,10,1,1,0,2.05
0.001539352,8,3,1,1,0,0
0.00306713,8,3,1,1,0,0
0.003402778,8,3,1,1,0,0.03
0.003472222,8,3,1,1,0,0.03
0.004965278,8,3,1,1,0,0.03
0.006458333,8,3,1,1,0,0.03
0.006886574,8,3,1,1,0,0.14
0.006990741,8,3,1,1,0,0.14
0.008483796,8,3,1,1,0,0.14
0.009988426,8,3,1,1,0,0.14
0.01037037,8,3,1,1,0,0.28
0.010439815,8,3,1,1,0,0.28
0.011921296,8,3,1,1,0,0.28
0.0134375,8,3,1,1,0,0.28
0.013854167,8,3,1,1,0,0.42
0.014016204,8,3,1,1,0,0.42
0.015509259,8,3,1,1,0,0.42
0.016990741,8,3,1,1,0,0.42
0.017337963,8,3,1,1,0,0.57
0.017430556,8,3,1,1,0,0.57
0.018935185,8,3,1,1,0,0.57
0.020428241,8,3,1,1,0,0.57
0.020821759,8,3,1,1,0,0.76
0.020902778,8,3,1,1,0,0.76
0.022407407,8,3,1,1,0,0.76
0.023900463,8,3,1,1,0,0.76
0.024305556,8,3,1,1,0,0.91
0.024375,8,3,1,1,0,0.91
0.02587963,8,3,1,1,0,0.91
0.027372685,8,3,1,1,0,0.91
0.027789352,8,3,1,1,0,1.09
0.027881944,8,3,1,1,0,1.09
0.029363426,8,3,1,1,0,1.09
0.030856481,8,3,1,1,0,1.09
0.031273148,8,3,1,1,0,1.27
0.031354167,8,3,1,1,0,1.27
0.032847222,8,3,1,1,0,1.27
0.034340278,8,3,1,1,0,1.27
0.034756944,8,3,1,1,0,1.43
0.034826389,8,3,1,1,0,1.43
0.03630787,8,3,1,1,0,1.43
0.037800926,8,3,1,1,0,1.43
0.038240741,8,3,1,1,0,1.61
0.038298611,8,3,1,1,0,1.61
0.039791667,8,3,1,1,0,1.61
0.041273148,8,3,1,1,0,1.61
0.041724537,8,3,1,1,0,1.78
0.041793981,8,3,1,1,0,1.78
0.045196759,8,3,1,1,0,1.94
0.045289352,8,3,1,1,0,1.94
0.046793981,8,3,1,1,0,1.94
0.048287037,8,3,1,1,0,1.94
0.048680556,8,3,1,1,0,2.11
0.048761574,8,3,1,1,0,2.11
0.050243056,8,3,1,1,0,2.11
0.051747685,8,3,1,1,0,2.11
0.052164352,8,3,1,1,0,2.29
0.05224537,8,3,1,1,0,2.29
0.053761574,8,3,1,1,0,2.29
0.055266204,8,3,1,1,0,2.29
0.055648148,8,3,1,1,0,2.45
0.055729167,8,3,1,1,0,2.45
0.057222222,8,3,1,1,0,2.45
0.058726852,8,3,1,1,0,2.45
0.059131944,8,3,1,1,0,2.61
0.059201389,8,3,1,1,0,2.61
0.060729167,8,3,1,1,0,2.61
0.062233796,8,3,1,1,0,2.61
0.062615741,8,3,1,1,0,2.76
0.062685185,8,3,1,1,0,2.76
0.064178241,8,3,1,1,0,2.76
0.06568287,8,3,1,1,0,2.76
0.066099537,8,3,1,1,0,2.94
0.066180556,8,3,1,1,0,2.94
0.073912037,8,3,1,1,0,2.94
0.07474537,8,3,1,1,0,2.94
0.076238426,8,3,1,1,0,3.31
0.077743056,8,3,1,1,0,3.31
0.078229167,8,3,1,1,0,3.47
0.078298611,8,3,1,1,0,3.47
0.079814815,8,3,1,1,0,3.47
0.081331019,8,3,1,1,0,3.47
0.081712963,8,3,1,1,0,3.62
0.081793981,8,3,1,1,0,3.62
0.083298611,8,3,1,1,0,3.62
0.084826389,8,3,1,1,0,3.62
0.085185185,8,3,1,1,0,3.78
0.085277778,8,3,1,1,0,3.78
0.086793981,8,3,1,1,0,3.78
0.088333333,8,3,1,1,0,3.78
0.088668981,8,3,1,1,0,3.92
0.088796296,8,3,1,1,0,3.92
0.0903125,8,3,1,1,0,3.92
0.09181713,8,3,1,1,0,3.92
0.092152778,8,3,1,1,0,4.08
0.092233796,8,3,1,1,0,4.08
0.094340278,8,3,1,1,0,4.08
0.095636574,8,3,1,1,0,4.22
0.095740741,8,3,1,1,0,4.22
0.097939815,8,3,1,1,0,4.22
0.09912037,8,3,1,1,0,4.37
0.099224537,8,3,1,1,0,4.37
0.101180556,8,3,1,1,0,4.37
0.102592593,8,3,1,1,0,4.51
0.102881944,8,3,1,1,0,4.51
0.104409722,8,3,1,1,0,4.51
0.105902778,8,3,1,1,0,4.51
0.106076389,8,3,1,1,0,4.67
0.106157407,8,3,1,1,0,4.67
0.107662037,8,3,1,1,0,4.67
0.109189815,8,3,1,1,0,4.67
0.109560185,8,3,1,1,0,4.8
0.10962963,8,3,1,1,0,4.8
0.111134259,8,3,1,1,0,4.8
0.112627315,8,3,1,1,0,4.8
0.113043981,8,3,1,1,0,4.93
0.113125,8,3,1,1,0,4.93
0.115358796,8,3,1,1,0,4.93
0.116527778,8,3,1,1,0,5.07
0.116643519,8,3,1,1,0,5.07
0.118125,8,3,1,1,0,5.07
0.119664352,8,3,1,1,0,5.07
0.12,8,3,1,1,0,5.23
0.121168981,8,3,1,1,0,5.23
0.122685185,8,3,1,1,0,5.23
0.123483796,8,3,1,1,0,5.36
0.123564815,8,3,1,1,0,5.36
0.12505787,8,3,1,1,0,5.36
0.1265625,8,3,1,1,0,5.36
0.126967593,8,3,1,1,0,5.49
0.127060185,8,3,1,1,0,5.49
0.128553241,8,3,1,1,0,5.49
0.13005787,8,3,1,1,0,5.49
0.130451389,8,3,1,1,0,5.63
0.130543981,8,3,1,1,0,5.63
0.132766204,8,3,1,1,0,5.63
0.133935185,8,3,1,1,0,5.77
0.134016204,8,3,1,1,0,5.77
0.135509259,8,3,1,1,0,5.77
0.137002315,8,3,1,1,0,5.77
0.137418981,8,3,1,1,0,5.92
0.137488426,8,3,1,1,0,5.92
0.139675926,8,3,1,1,0,5.92
0.140902778,8,3,1,1,0,6.05
0.14099537,8,3,1,1,0,6.05
0.143611111,8,3,1,1,0,6.05
0.144386574,8,3,1,1,0,6.18
0.144467593,8,3,1,1,0,6.18
0.145960648,8,3,1,1,0,6.18
0.147476852,8,3,1,1,0,6.18
0.14787037,8,3,1,1,0,6.33
0.147951389,8,3,1,1,0,6.33
0.149467593,8,3,1,1,0,6.33
0.150972222,8,3,1,1,0,6.33
0.151354167,8,3,1,1,0,6.49
0.001631944,13.5,12,1,1,0,0
0.003206019,13.5,12,1,1,0,0
0.003333333,13.5,12,1,1,0,0
0.003472222,13.5,12,1,1,0,0
0.005578704,13.5,12,1,1,0,0
0.00681713,13.5,12,1,1,0,0
0.006979167,13.5,12,1,1,0,0
0.00849537,13.5,12,1,1,0,0
0.010046296,13.5,12,1,1,0,0
0.010300926,13.5,12,1,1,0,0.01
0.010405093,13.5,12,1,1,0,0.01
0.012685185,13.5,12,1,1,0,0.01
0.013784722,13.5,12,1,1,0,0.04
0.014039352,13.5,12,1,1,0,0.04
0.016469907,13.5,12,1,1,0,0.04
0.017268519,13.5,12,1,1,0,0.08
0.017372685,13.5,12,1,1,0,0.08
0.018946759,13.5,12,1,1,0,0.08
0.020462963,13.5,12,1,1,0,0.08
0.020752315,13.5,12,1,1,0,0.12
0.020891204,13.5,12,1,1,0,0.12
0.022476852,13.5,12,1,1,0,0.12
0.024027778,13.5,12,1,1,0,0.12
0.024236111,13.5,12,1,1,0,0.19
0.024363426,13.5,12,1,1,0,0.19
0.026655093,13.5,12,1,1,0,0.19
0.027719907,13.5,12,1,1,0,0.23
0.027835648,13.5,12,1,1,0,0.23
0.029386574,13.5,12,1,1,0,0.23
0.030949074,13.5,12,1,1,0,0.23
0.031203704,13.5,12,1,1,0,0.29
0.031284722,13.5,12,1,1,0,0.29
0.0328125,13.5,12,1,1,0,0.29
0.034363426,13.5,12,1,1,0,0.29
0.034675926,13.5,12,1,1,0,0.36
0.035902778,13.5,12,1,1,0,0.36
0.037465278,13.5,12,1,1,0,0.36
0.038159722,13.5,12,1,1,0,0.41
0.038356481,13.5,12,1,1,0,0.41
0.039918981,13.5,12,1,1,0,0.41
0.041631944,13.5,12,1,1,0,0.47
0.041643519,13.5,12,1,1,0,0.47
0.043171296,13.5,12,1,1,0,0.47
0.0446875,13.5,12,1,1,0,0.47
0.045115741,13.5,12,1,1,0,0.53
0.045231481,13.5,12,1,1,0,0.53
0.046747685,13.5,12,1,1,0,0.53
0.048344907,13.5,12,1,1,0,0.53
0.048587963,13.5,12,1,1,0,0.59
0.049884259,13.5,12,1,1,0,0.59
0.051423611,13.5,12,1,1,0,0.59
0.052071759,13.5,12,1,1,0,0.68
0.0521875,13.5,12,1,1,0,0.68
0.053796296,13.5,12,1,1,0,0.68
0.055347222,13.5,12,1,1,0,0.68
0.055555556,13.5,12,1,1,0,0.72
0.055740741,13.5,12,1,1,0,0.72
0.057326389,13.5,12,1,1,0,0.72
0.058946759,13.5,12,1,1,0,0.72
0.059027778,13.5,12,1,1,0,0.81
0.060509259,13.5,12,1,1,0,0.81
0.062349537,13.5,12,1,1,0,0.81
0.062511574,13.5,12,1,1,0,0.87
0.062638889,13.5,12,1,1,0,0.87
0.064166667,13.5,12,1,1,0,0.87
0.065775463,13.5,12,1,1,0,0.87
0.06599537,13.5,12,1,1,0,0.93
0.066111111,13.5,12,1,1,0,0.93
0.067696759,13.5,12,1,1,0,0.93
0.069270833,13.5,12,1,1,0,0.93
0.069467593,13.5,12,1,1,0,1
0.069560185,13.5,12,1,1,0,1
0.071087963,13.5,12,1,1,0,1
0.072627315,13.5,12,1,1,0,1
0.072951389,13.5,12,1,1,0,1.07
0.073101852,13.5,12,1,1,0,1.07
0.074641204,13.5,12,1,1,0,1.07
0.076180556,13.5,12,1,1,0,1.07
0.076435185,13.5,12,1,1,0,1.14
0.076527778,13.5,12,1,1,0,1.14
0.07806713,13.5,12,1,1,0,1.14
0.07962963,13.5,12,1,1,0,1.14
0.079918981,13.5,12,1,1,0,1.21
0.080023148,13.5,12,1,1,0,1.21
0.081574074,13.5,12,1,1,0,1.21
0.083125,13.5,12,1,1,0,1.29
0.093298611,13.5,12,1,1,0,1.29
0.093784722,13.5,12,1,1,0,1.47
0.0953125,13.5,12,1,1,0,1.47
0.096840278,13.5,12,1,1,0,1.47
0.097268519,13.5,12,1,1,0,1.55
0.097395833,13.5,12,1,1,0,1.55
0.098935185,13.5,12,1,1,0,1.55
0.100497685,13.5,12,1,1,0,1.55
0.100752315,13.5,12,1,1,0,1.6
0.100868056,13.5,12,1,1,0,1.6
0.102418981,13.5,12,1,1,0,1.6
0.103981481,13.5,12,1,1,0,1.6
0.104236111,13.5,12,1,1,0,1.67
0.10431713,13.5,12,1,1,0,1.67
0.105844907,13.5,12,1,1,0,1.67
0.107372685,13.5,12,1,1,0,1.67
0.107719907,13.5,12,1,1,0,1.74
0.107800926,13.5,12,1,1,0,1.74
0.109340278,13.5,12,1,1,0,1.74
0.1109375,13.5,12,1,1,0,1.74
0.111203704,13.5,12,1,1,0,1.82
0.111296296,13.5,12,1,1,0,1.82
0.112858796,13.5,12,1,1,0,1.82
0.114444444,13.5,12,1,1,0,1.82
0.114675926,13.5,12,1,1,0,1.89
0.115972222,13.5,12,1,1,0,1.89
0.117488426,13.5,12,1,1,0,1.89
0.118159722,13.5,12,1,1,0,1.95
0.118275463,13.5,12,1,1,0,1.95
0.119814815,13.5,12,1,1,0,1.95
0.121388889,13.5,12,1,1,0,1.95
0.121631944,13.5,12,1,1,0,2.03
0.123032407,13.5,12,1,1,0,2.03
0.124606481,13.5,12,1,1,0,2.03
0.125115741,13.5,12,1,1,0,2.1
0.12525463,13.5,12,1,1,0,2.1
0.126840278,13.5,12,1,1,0,2.1
0.128414352,13.5,12,1,1,0,2.1
0.128599537,13.5,12,1,1,0,2.16
0.12869213,13.5,12,1,1,0,2.16
0.130277778,13.5,12,1,1,0,2.16
0.131886574,13.5,12,1,1,0,2.16
0.132083333,13.5,12,1,1,0,2.25
0.132175926,13.5,12,1,1,0,2.25
0.133773148,13.5,12,1,1,0,2.25
0.135439815,13.5,12,1,1,0,2.25
0.13556713,13.5,12,1,1,0,2.32
0.13568287,13.5,12,1,1,0,2.32
0.13724537,13.5,12,1,1,0,2.32
0.138958333,13.5,12,1,1,0,2.32
0.139050926,13.5,12,1,1,0,2.38
0.139212963,13.5,12,1,1,0,2.38
0.142534722,13.5,12,1,1,0,2.47
5.78704E-05,7,11,1,1,0,0
0.001550926,7,11,1,1,0,0
0.003032407,7,11,1,1,0,0
0.003483796,7,11,1,1,0,0
0.003541667,7,11,1,1,0,0
0.005023148,7,11,1,1,0,0
0.006527778,7,11,1,1,0,0
0.006967593,7,11,1,1,0,0.13
0.007025463,7,11,1,1,0,0.13
0.008506944,7,11,1,1,0,0.13
0.01,7,11,1,1,0,0.13
0.010451389,7,11,1,1,0,0.25
0.010509259,7,11,1,1,0,0.25
0.012071759,7,11,1,1,0,0.25
0.013553241,7,11,1,1,0,0.25
0.013935185,7,11,1,1,0,0.38
0.01400463,7,11,1,1,0,0.38
0.015486111,7,11,1,1,0,0.38
0.016967593,7,11,1,1,0,0.38
0.017418981,7,11,1,1,0,0.5
0.017488426,7,11,1,1,0,0.5
0.018981481,7,11,1,1,0,0.5
0.020462963,7,11,1,1,0,0.5
0.020891204,7,11,1,1,0,0.69
0.020972222,7,11,1,1,0,0.69
0.022476852,7,11,1,1,0,0.69
0.023969907,7,11,1,1,0,0.69
0.024375,7,11,1,1,0,0.82
0.024444444,7,11,1,1,0,0.82
0.0259375,7,11,1,1,0,0.82
0.027465278,7,11,1,1,0,0.82
0.027858796,7,11,1,1,0,0.94
0.027939815,7,11,1,1,0,0.94
0.029421296,7,11,1,1,0,0.94
0.030914352,7,11,1,1,0,0.94
0.031342593,7,11,1,1,0,1.13
0.031412037,7,11,1,1,0,1.13
0.032928241,7,11,1,1,0,1.13
0.036412037,7,11,1,1,0,1.32
0.039884259,7,11,1,1,0,1.5
0.043368056,7,11,1,1,0,1.75
6.94444E-05,15,1,1,0,0,0
0.001550926,15,1,1,0,0,0
0.003020833,15,1,1,0,0,0
0.003483796,15,1,1,0,0,-0.12
0.003541667,15,1,1,0,0,-0.12
0.005011574,15,1,1,0,0,-0.12
0.006481481,15,1,1,0,0,-0.12
0.006967593,15,1,1,0,0,-0.05
0.007013889,15,1,1,0,0,-0.05
0.008483796,15,1,1,0,0,-0.05
0.00994213,15,1,1,0,0,-0.05
0.010451389,15,1,1,0,0,0.05
0.010497685,15,1,1,0,0,0.05
0.011956019,15,1,1,0,0,0.05
0.013414352,15,1,1,0,0,0.05
0.013935185,15,1,1,0,0,0.16
0.01400463,15,1,1,0,0,0.16
0.015474537,15,1,1,0,0,0.16
0.016956019,15,1,1,0,0,0.16
0.017418981,15,1,1,0,0,0.29
0.017465278,15,1,1,0,0,0.29
0.018935185,15,1,1,0,0,0.29
0.020393519,15,1,1,0,0,0.29
0.020902778,15,1,1,0,0,0.45
0.020949074,15,1,1,0,0,0.45
0.022418981,15,1,1,0,0,0.45
0.024375,15,1,1,0,0,0.58
0.001516204,10,4.4,1,0,0,0
0.001990741,10,4.4,1,0,0,0.01
0.002094907,10,4.4,1,0,0,0.01
0.003599537,10,4.4,1,0,0,0.01
0.005127315,10,4.4,1,0,0,0.01
0.005462963,10,4.4,1,0,0,0.05
0.005543981,10,4.4,1,0,0,0.05
0.007060185,10,4.4,1,0,0,0.05
0.008587963,10,4.4,1,0,0,0.05
0.02912037,10,4.4,1,0,0,0.12
0.030104167,10,4.4,1,0,0,0.12
0.031608796,10,4.4,1,0,0,0.87
0.033113426,10,4.4,1,0,0,0.87
0.033587963,10,4.4,1,0,0,0.96
0.033680556,10,4.4,1,0,0,0.96
0.035173611,10,4.4,1,0,0,0.96
0.036701389,10,4.4,1,0,0,0.96
0.037071759,10,4.4,1,0,0,1.12
0.037152778,10,4.4,1,0,0,1.12
0.038645833,10,4.4,1,0,0,1.12
0.040127315,10,4.4,1,0,0,1.12
0.040555556,10,4.4,1,0,0,1.25
0.040613426,10,4.4,1,0,0,1.25
0.042094907,10,4.4,1,0,0,1.25
0.043611111,10,4.4,1,0,0,1.25
0.044039352,10,4.4,1,0,0,1.4
0.044131944,10,4.4,1,0,0,1.4
0.045636574,10,4.4,1,0,0,1.4
0.047141204,10,4.4,1,0,0,1.4
0.047523148,10,4.4,1,0,0,1.53
0.047615741,10,4.4,1,0,0,1.53
0.04912037,10,4.4,1,0,0,1.53
8.10185E-05,11,2.8,1,0,0,0
0.0015625,11,2.8,1,0,0,0
0.00306713,11,2.8,1,0,0,0
0.003483796,11,2.8,1,0,0,0.07
0.003553241,11,2.8,1,0,0,0.07
0.00505787,11,2.8,1,0,0,0.07
0.006574074,11,2.8,1,0,0,0.07
0.006967593,11,2.8,1,0,0,0.2
0.007048611,11,2.8,1,0,0,0.2
0.008518519,11,2.8,1,0,0,0.2
0.01,11,2.8,1,0,0,0.2
0.010451389,11,2.8,1,0,0,0.36
0.010497685,11,2.8,1,0,0,0.36
0.011990741,11,2.8,1,0,0,0.36
6.94444E-05,9,9,0,0,0,0
0.001550926,9,9,0,0,0,0
0.003032407,9,9,0,0,0,0
0.003483796,9,9,0,0,0,0.72
0.003541667,9,9,0,0,0,0.72
0.005023148,9,9,0,0,0,0.72
0.006527778,9,9,0,0,0,0.72
0.006967593,9,9,0,0,0,2.54
0.007025463,9,9,0,0,0,2.54
0.008506944,9,9,0,0,0,2.54
0.01,9,9,0,0,0,2.54
0.010451389,9,9,0,0,0,2.76
0.010520833,9,9,0,0,0,2.76
0.012013889,9,9,0,0,0,2.76
0.013483796,9,9,0,0,0,2.76
0.013935185,9,9,0,0,0,2.64
0.001493056,5,2,1,0,0,0
0.002986111,5,2,1,0,0,0
0.003391204,5,2,1,0,0,0.11
0.003460648,5,2,1,0,0,0.11
0.004953704,5,2,1,0,0,0.11
0.006493056,5,2,1,0,0,0.11
0.006863426,5,2,1,0,0,0.32
0.008032407,5,2,1,0,0,0.32
0.010347222,5,2,1,0,0,0.53
5.78704E-05,23,2,0,0,0,0
0.001539352,23,2,0,0,0,0
0.003009259,23,2,0,0,0,0
0.003483796,23,2,0,0,0,0
0.003541667,23,2,0,0,0,0
0.005023148,23,2,0,0,0,0
0.006493056,23,2,0,0,0,0
0.006967593,23,2,0,0,0,0.17
0.007025463,23,2,0,0,0,0.17
0.008506944,23,2,0,0,0,0.17
0.009988426,23,2,0,0,0,0.17
0.010451389,23,2,0,0,0,0.38
0.010509259,23,2,0,0,0,0.38
0.012407407,23,2,0,0,0,0.38
0.012800926,23,2,0,0,0,0.38
6.94444E-05,23,2,1,0,1,0
0.001550926,23,2,1,0,1,0
0.003032407,23,2,1,0,1,0
0.003483796,23,2,1,0,1,0
0.003541667,23,2,1,0,1,0
0.005034722,23,2,1,0,1,0
0.006516204,23,2,1,0,1,0
0.006967593,23,2,1,0,1,0.04
0.007037037,23,2,1,0,1,0.04
0.008518519,23,2,1,0,1,0.04
0.010023148,23,2,1,0,1,0.04
0.010451389,23,2,1,0,1,0.09
0.010520833,23,2,1,0,1,0.09
0.011990741,23,2,1,0,1,0.09
0.013506944,23,2,1,0,1,0.09
0.013935185,23,2,1,0,1,0.25
0.014027778,23,2,1,0,1,0.25
0.015509259,23,2,1,0,1,0.25
0.016979167,23,2,1,0,1,0.25
0.017418981,23,2,1,0,1,0.37
0.017476852,23,2,1,0,1,0.37
0.018969907,23,2,1,0,1,0.37
0.020474537,23,2,1,0,1,0.37
0.020902778,23,2,1,0,1,0.52
0.020972222,23,2,1,0,1,0.52
0.022453704,23,2,1,0,1,0.52
0.023958333,23,2,1,0,1,0.52
0.024386574,23,2,1,0,1,0.67
0.024467593,23,2,1,0,1,0.67
0.025960648,23,2,1,0,1,0.67
0.027453704,23,2,1,0,1,0.67
0.02787037,23,2,1,0,1,0.83
0.027962963,23,2,1,0,1,0.83
0.029467593,23,2,1,0,1,0.83
0.030949074,23,2,1,0,1,0.83
0.031354167,23,2,1,0,1,0.98
0.031423611,23,2,1,0,1,0.98
0.032962963,23,2,1,0,1,0.98
0.034467593,23,2,1,0,1,0.98
0.034837963,23,2,1,0,1,1.12
0.034918981,23,2,1,0,1,1.12
0.036435185,23,2,1,0,1,1.12
0.037951389,23,2,1,0,1,1.12
0.038321759,23,2,1,0,1,1.27
0.038460648,23,2,1,0,1,1.27
0.03994213,23,2,1,0,1,1.27
0.041435185,23,2,1,0,1,1.27
0.041805556,23,2,1,0,1,1.43
0.041875,23,2,1,0,1,1.43
0.043356481,23,2,1,0,1,1.43
0.044826389,23,2,1,0,1,1.43
0.045289352,23,2,1,0,1,1.57
0,22,1.7,0,0,1,0
5.78704E-05,22,1.7,0,0,1,0
0.001527778,22,1.7,0,0,1,0
0.003009259,22,1.7,0,0,1,0
0.003483796,22,1.7,0,0,1,0.02
0.003541667,22,1.7,0,0,1,0.02
0.005011574,22,1.7,0,0,1,0.02
0.006493056,22,1.7,0,0,1,0.02
0.006967593,22,1.7,0,0,1,0.1
0.007025463,22,1.7,0,0,1,0.1
0.00849537,22,1.7,0,0,1,0.1
0.009976852,22,1.7,0,0,1,0.1
0.010451389,22,1.7,0,0,1,0.28
0.010509259,22,1.7,0,0,1,0.28
0.01150463,22,1.7,0,0,1,0.28
0.0115625,22,1.7,0,0,1,0.28
0.011597222,22,1.7,0,0,1,0.28
0.011631944,22,1.7,0,0,1,0.28
0.011655093,22,1.7,0,0,1,0.28
0.011724537,22,1.7,0,0,1,0.28
0.011851852,22,1.7,0,0,1,0.28
0.011909722,22,1.7,0,0,1,0.28
0.012256944,22,1.7,0,0,1,0.28
0.012314815,22,1.7,0,0,1,0.28
0.012743056,22,1.7,0,0,1,0.28
0.012800926,22,1.7,0,0,1,0.28
0.012847222,22,1.7,0,0,1,0.28
0.000949074,21,4.7,1,0,0,0.26
0.001030093,21,4.7,1,0,0,0.26
0.002511574,21,4.7,1,0,0,0.26
0.004027778,21,4.7,1,0,0,0.26
0.00443287,21,4.7,1,0,0,0.57
0.004513889,21,4.7,1,0,0,0.57
0.00599537,21,4.7,1,0,0,0.57
0.007511574,21,4.7,1,0,0,0.57
0.007916667,21,4.7,1,0,0,0.82
0.007997685,21,4.7,1,0,0,0.82
0.009502315,21,4.7,1,0,0,0.82
0.011041667,21,4.7,1,0,0,0.82
0.011400463,21,4.7,1,0,0,1.01
0.011481481,21,4.7,1,0,0,1.01
0.012962963,21,4.7,1,0,0,1.01
0.014467593,21,4.7,1,0,0,1.01
0.014884259,21,4.7,1,0,0,1.2
0.014965278,21,4.7,1,0,0,1.2
0.016493056,21,4.7,1,0,0,1.2
0.017986111,21,4.7,1,0,0,1.2
0.018368056,21,4.7,1,0,0,1.6
0.0184375,21,4.7,1,0,0,1.6
0.019930556,21,4.7,1,0,0,1.6
0.021446759,21,4.7,1,0,0,1.6
0.021851852,21,4.7,1,0,0,1.84
0.021944444,21,4.7,1,0,0,1.84
0.0234375,21,4.7,1,0,0,1.84
0.02494213,21,4.7,1,0,0,1.84
0.025324074,21,4.7,1,0,0,1.83
0.026469907,21,4.7,1,0,0,1.83
0.027962963,21,4.7,1,0,0,1.83
0.02880787,21,4.7,1,0,0,1.96
0.028877315,21,4.7,1,0,0,1.96
0.03037037,21,4.7,1,0,0,1.96
0.031840278,21,4.7,1,0,0,1.96
0.032291667,21,4.7,1,0,0,2.15
0.032361111,21,4.7,1,0,0,2.15
0.033842593,21,4.7,1,0,0,2.15
0.035324074,21,4.7,1,0,0,2.15
0.035775463,21,4.7,1,0,0,2.38
0.035856481,21,4.7,1,0,0,2.38
0.037349537,21,4.7,1,0,0,2.38
0.038819444,21,4.7,1,0,0,2.38
0.039259259,21,4.7,1,0,0,2.57
0.03931713,21,4.7,1,0,0,2.57
0.040810185,21,4.7,1,0,0,2.57
0.042291667,21,4.7,1,0,0,2.57
0.042743056,21,4.7,1,0,0,2.77
0.042800926,21,4.7,1,0,0,2.77
0.044305556,21,4.7,1,0,0,2.77
0.045798611,21,4.7,1,0,0,2.77
0.046226852,21,4.7,1,0,0,2.96
0.046296296,21,4.7,1,0,0,2.96
0.047777778,21,4.7,1,0,0,2.96
0.049270833,21,4.7,1,0,0,2.96
0.049710648,21,4.7,1,0,0,3.17
0.049803241,21,4.7,1,0,0,3.17
0.051342593,21,4.7,1,0,0,3.17
0.052858796,21,4.7,1,0,0,3.17
0.05318287,21,4.7,1,0,0,3.36
0.054375,21,4.7,1,0,0,3.36
0.055902778,21,4.7,1,0,0,3.36
0.056666667,21,4.7,1,0,0,3.59
0.056759259,21,4.7,1,0,0,3.59
0.058252315,21,4.7,1,0,0,3.59
0.059768519,21,4.7,1,0,0,3.59
0.060150463,21,4.7,1,0,0,3.79
0.060231481,21,4.7,1,0,0,3.79
0.060451389,21,4.7,1,0,0,3.79
0.060532407,21,4.7,1,0,0,3.79
0.060601852,21,4.7,1,0,0,3.79
0.060671296,21,4.7,1,0,0,3.79
0.060844907,21,4.7,1,0,0,3.79
0.0609375,21,4.7,1,0,0,3.79
0.061018519,21,4.7,1,0,0,3.79
0.061585648,21,4.7,1,0,0,3.79
0.001481481,16,6,0,1,0,0
0.002951389,16,6,0,1,0,0
0.003402778,16,6,0,1,0,0.03
0.003460648,16,6,0,1,0,0.03
0.004965278,16,6,0,1,0,0.03
0.006446759,16,6,0,1,0,0.03
0.006886574,16,6,0,1,0,0.08
0.0071875,16,6,0,1,0,0.08
0.008680556,16,6,0,1,0,0.08
0.010162037,16,6,0,1,0,0.08
0.01037037,16,6,0,1,0,0.19
0.010428241,16,6,0,1,0,0.19
0.011921296,16,6,0,1,0,0.19
0.013391204,16,6,0,1,0,0.19
0.013854167,16,6,0,1,0,0.29
0.013923611,16,6,0,1,0,0.29
0.015428241,16,6,0,1,0,0.29
0.016909722,16,6,0,1,0,0.29
0.017337963,16,6,0,1,0,0.39
0.017407407,16,6,0,1,0,0.39
0.018888889,16,6,0,1,0,0.39
0.020358796,16,6,0,1,0,0.39
0.020821759,16,6,0,1,0,0.47
0.001469907,19,5,0,1,0,0
0.002951389,19,5,0,1,0,0
0.003414352,19,5,0,1,0,0.01
0.003506944,19,5,0,1,0,0.01
0.004988426,19,5,0,1,0,0.01
0.006469907,19,5,0,1,0,0.01
0.006898148,19,5,0,1,0,0.23
0.006979167,19,5,0,1,0,0.23
0.008460648,19,5,0,1,0,0.23
0.00994213,19,5,0,1,0,0.23
0.010381944,19,5,0,1,0,0.44
0.010451389,19,5,0,1,0,0.44
0.011944444,19,5,0,1,0,0.44
0.01349537,19,5,0,1,0,0.44
0.013854167,19,5,0,1,0,0.83
0.014976852,19,5,0,1,0,0.83
0.016446759,19,5,0,1,0,0.83
0.017337963,19,5,0,1,0,1.08
0.017395833,19,5,0,1,0,1.08
0.019305556,19,5,0,1,0,1.08
0.001516204,15,10,0,1,0,0
0.001990741,15,10,0,1,0,0.11
0.002094907,15,10,0,1,0,0.11
0.003599537,15,10,0,1,0,0.11
0.005092593,15,10,0,1,0,0.11
0.005462963,15,10,0,1,0,0.28
0.005555556,15,10,0,1,0,0.28
0.007083333,15,10,0,1,0,0.28
0.008634259,15,10,0,1,0,0.28
0.008946759,15,10,0,1,0,0.45
0.009039352,15,10,0,1,0,0.45
0.010543981,15,10,0,1,0,0.45
0.012060185,15,10,0,1,0,0.45
0.012430556,15,10,0,1,0,0.57
0.0125,15,10,0,1,0,0.57
0.014016204,15,10,0,1,0,0.57
0.015520833,15,10,0,1,0,0.57
0.015914352,15,10,0,1,0,0.72
0.016006944,15,10,0,1,0,0.72
0.017511574,15,10,0,1,0,0.72
0.019016204,15,10,0,1,0,0.72
0.019398148,15,10,0,1,0,0.85
0.019467593,15,10,0,1,0,0.85
0.020949074,15,10,0,1,0,0.85
0.02244213,15,10,0,1,0,0.85
0.022881944,15,10,0,1,0,0.98
0.022962963,15,10,0,1,0,0.98
0.024444444,15,10,0,1,0,0.98
0.0259375,15,10,0,1,0,0.98
0.026365741,15,10,0,1,0,1.12
0.026469907,15,10,0,1,0,1.12
0.027951389,15,10,0,1,0,1.12
0.029444444,15,10,0,1,0,1.12
0.029849537,15,10,0,1,0,1.38
0.029907407,15,10,0,1,0,1.38
0.001481481,16,15,0,1,0,0
0.002951389,16,15,0,1,0,0
0.003425926,16,15,0,1,0,0.09
0.003483796,16,15,0,1,0,0.09
0.004953704,16,15,0,1,0,0.09
0.006423611,16,15,0,1,0,0.09
0.006909722,16,15,0,1,0,0.22
0.006979167,16,15,0,1,0,0.22
0.008460648,16,15,0,1,0,0.22
0.00994213,16,15,0,1,0,0.22
0.010393519,16,15,0,1,0,0.39
0.010451389,16,15,0,1,0,0.39
0.011909722,16,15,0,1,0,0.39
0.01337963,16,15,0,1,0,0.39
0.013877315,16,15,0,1,0,0.53
0.013958333,16,15,0,1,0,0.53
0.015439815,16,15,0,1,0,0.53
0.01693287,16,15,0,1,0,0.53
0.017361111,16,15,0,1,0,0.62
0.017430556,16,15,0,1,0,0.62
0.018912037,16,15,0,1,0,0.62
0.020405093,16,15,0,1,0,0.62
0.020844907,16,15,0,1,0,0.7
0.020914352,16,15,0,1,0,0.7
0.022384259,16,15,0,1,0,0.7
0.023865741,16,15,0,1,0,0.7
0.024328704,16,15,0,1,0,0.87
0.024386574,16,15,0,1,0,0.87
0.025868056,16,15,0,1,0,0.87
0.027361111,16,15,0,1,0,0.87
0.0278125,16,15,0,1,0,0.88
0.027881944,16,15,0,1,0,0.88
0.029375,16,15,0,1,0,0.88
0.030856481,16,15,0,1,0,0.88
0.031284722,16,15,0,1,0,0.92
0.032361111,16,15,0,1,0,0.92
0.001319444,14,1,0,1,0,0.08
0.001400463,14,1,0,1,0,0.08
0.003668981,14,1,0,1,0,0.08
0.004803241,14,1,0,1,0,0.3
0.004884259,14,1,0,1,0,0.3
0.007141204,14,1,0,1,0,0.3
0.008287037,14,1,0,1,0,0.53
0.008356481,14,1,0,1,0,0.53
0.010625,14,1,0,1,0,0.53
0.011770833,14,1,0,1,0,0.93
0.011851852,14,1,0,1,0,0.93
0.01412037,14,1,0,1,0,0.93
0.01525463,14,1,0,1,0,1.34
0.015335648,14,1,0,1,0,1.34
0.017615741,14,1,0,1,0,1.34
0.018738426,14,1,0,1,0,1.73
0.018831019,14,1,0,1,0,1.73
0.021018519,14,1,0,1,0,1.73
0.022222222,14,1,0,1,0,2.09
0.022291667,14,1,0,1,0,2.09
0.023796296,14,1,0,1,0,2.09
0.025289352,14,1,0,1,0,2.09
0.025694444,14,1,0,1,0,2.43
0.026759259,14,1,0,1,0,2.43
0.028229167,14,1,0,1,0,2.43
0.029178241,14,1,0,1,0,2.72
0.029247685,14,1,0,1,0,2.72
0.030729167,14,1,0,1,0,2.72
0.032199074,14,1,0,1,0,2.72
0.032662037,14,1,0,1,0,3
0.032743056,14,1,0,1,0,3
0.034247685,14,1,0,1,0,3
0.035740741,14,1,0,1,0,3
0.036145833,14,1,0,1,0,3.21
0.036215278,14,1,0,1,0,3.21
0.037708333,14,1,0,1,0,3.21
0.039189815,14,1,0,1,0,3.21
0.03962963,14,1,0,1,0,3.42
0.039733796,14,1,0,1,0,3.42
0.041238426,14,1,0,1,0,3.42
0.042731481,14,1,0,1,0,3.42
0.043113426,14,1,0,1,0,3.58
0.04318287,14,1,0,1,0,3.58
0.0446875,14,1,0,1,0,3.58
0.046168981,14,1,0,1,0,3.58
0.046180556,14,1,0,1,0,3.73
0.046782407,14,1,0,1,0,3.73
0.048252315,14,1,0,1,0,3.74
0.049733796,14,1,0,1,0,3.74
0.050266204,14,1,0,1,0,3.96
0.050324074,14,1,0,1,0,3.96
0.051793981,14,1,0,1,0,3.96
0.053275463,14,1,0,1,0,3.96
0.05375,14,1,0,1,0,4.18
0.05380787,14,1,0,1,0,4.18
0.055277778,14,1,0,1,0,4.18
0.056736111,14,1,0,1,0,4.18
0.057233796,14,1,0,1,0,4.3
0.057280093,14,1,0,1,0,4.3
0.058761574,14,1,0,1,0,4.3
8.10185E-05,14,1.25,0,1,0,0
0.002361111,14,1.25,0,1,0,0
0.003483796,14,1.25,0,1,0,0
0.003564815,14,1.25,0,1,0,0
0.005844907,14,1.25,0,1,0,0
0.006967593,14,1.25,0,1,0,0.14
0.007048611,14,1.25,0,1,0,0.14
0.00962963,14,1.25,0,1,0,0.14
0.010451389,14,1.25,0,1,0,0.29
0.010613426,14,1.25,0,1,0,0.29
0.012881944,14,1.25,0,1,0,0.29
0.013935185,14,1.25,0,1,0,0.44
0.01400463,14,1.25,0,1,0,0.44
0.016261574,14,1.25,0,1,0,0.44
0.017418981,14,1.25,0,1,0,0.61
0.017476852,14,1.25,0,1,0,0.61
0.019733796,14,1.25,0,1,0,0.61
0.020902778,14,1.25,0,1,0,0.8
0.02099537,14,1.25,0,1,0,0.8
0.023287037,14,1.25,0,1,0,0.8
0.024386574,14,1.25,0,1,0,1
0.024456019,14,1.25,0,1,0,1
0.026759259,14,1.25,0,1,0,1
0.02787037,14,1.25,0,1,0,1.24
0.027939815,14,1.25,0,1,0,1.24
0.030243056,14,1.25,0,1,0,1.24
0.031354167,14,1.25,0,1,0,1.48
0.031423611,14,1.25,0,1,0,1.48
0.033761574,14,1.25,0,1,0,1.48
0.034837963,14,1.25,0,1,0,1.73
0.034907407,14,1.25,0,1,0,1.73
0.037164352,14,1.25,0,1,0,1.73
0.038321759,14,1.25,0,1,0,1.9
0.038784722,14,1.25,0,1,0,1.9
0.041527778,14,1.25,0,1,0,1.9
0.041793981,14,1.25,0,1,0,2.11
0.044212963,14,1.25,0,1,0,2.11
0.045277778,14,1.25,0,1,0,2.32
0.045335648,14,1.25,0,1,0,2.32
0.047615741,14,1.25,0,1,0,2.32
0.04875,14,1.25,0,1,0,2.48
0.048842593,14,1.25,0,1,0,2.48
0.051111111,14,1.25,0,1,0,2.48
0.052233796,14,1.25,0,1,0,2.58
0.052314815,14,1.25,0,1,0,2.58
0.054583333,14,1.25,0,1,0,2.58
0.055717593,14,1.25,0,1,0,2.7
0.055798611,14,1.25,0,1,0,2.7
0.05806713,14,1.25,0,1,0,2.7
0.059201389,14,1.25,0,1,0,2.78
6.94444E-05,6,2.9,0,1,0,0
0.002314815,6,2.9,0,1,0,0
0.003483796,6,2.9,0,1,0,0.04
0.003541667,6,2.9,0,1,0,0.04
0.005717593,6,2.9,0,1,0,0.04
0.006967593,6,2.9,0,1,0,0.12
0.007037037,6,2.9,0,1,0,0.12
0.009282407,6,2.9,0,1,0,0.12
0.010451389,6,2.9,0,1,0,0.26
0.010509259,6,2.9,0,1,0,0.26
0.012777778,6,2.9,0,1,0,0.26
0.013935185,6,2.9,0,1,0,0.33
0.014016204,6,2.9,0,1,0,0.33
0.015509259,6,2.9,0,1,0,0.33
0.017048611,6,2.9,0,1,0,0.33
0.017418981,6,2.9,0,1,0,0.42
0.017997685,6,2.9,0,1,0,0.42
0.001481481,15,4,0,1,0,0
0.002962963,15,4,0,1,0,0
0.003425926,15,4,0,1,0,0
0.003483796,15,4,0,1,0,0
0.004953704,15,4,0,1,0,0
0.006423611,15,4,0,1,0,0
0.006909722,15,4,0,1,0,0.09
0.006967593,15,4,0,1,0,0.09
0.0084375,15,4,0,1,0,0.09
0.009907407,15,4,0,1,0,0.09
0.010393519,15,4,0,1,0,0.23
0.010462963,15,4,0,1,0,0.23
0.011944444,15,4,0,1,0,0.23
0.013425926,15,4,0,1,0,0.23
0.013877315,15,4,0,1,0,0.41
0.013935185,15,4,0,1,0,0.41
0.015416667,15,4,0,1,0,0.41
0.016886574,15,4,0,1,0,0.41
0.017361111,15,4,0,1,0,0.64
0.017418981,15,4,0,1,0,0.64
0.019722222,15,4,0,1,0,0.64
0.020844907,15,4,0,1,0,0.89
0.020902778,15,4,0,1,0,0.89
0.022361111,15,4,0,1,0,0.89
0.023831019,15,4,0,1,0,0.89
0.024328704,15,4,0,1,0,1.16
0.024386574,15,4,0,1,0,1.16
0.025856481,15,4,0,1,0,1.16
0.027337963,15,4,0,1,0,1.16
0.0278125,15,4,0,1,0,1.34
0.02787037,15,4,0,1,0,1.34
0.029363426,15,4,0,1,0,1.34
0.030844907,15,4,0,1,0,1.34
0.031296296,15,4,0,1,0,1.6
0.031354167,15,4,0,1,0,1.6
0.0328125,15,4,0,1,0,1.6
0.034282407,15,4,0,1,0,1.6
0.034780093,15,4,0,1,0,1.88
0.034837963,15,4,0,1,0,1.88
0.03630787,15,4,0,1,0,1.88
0.037766204,15,4,0,1,0,1.88
0.001458333,14,6,0,0,1,0
0.002928241,14,6,0,0,1,0
0.003425926,14,6,0,0,1,0
0.003483796,14,6,0,0,1,0
0.004953704,14,6,0,0,1,0
0.006423611,14,6,0,0,1,0
0.006909722,14,6,0,0,1,0.14
0.006967593,14,6,0,0,1,0.14
0.008425926,14,6,0,0,1,0.14
0.009895833,14,6,0,0,1,0.14
0.010393519,14,6,0,0,1,0.24
0.010451389,14,6,0,0,1,0.24
0.011909722,14,6,0,0,1,0.24
0.013368056,14,6,0,0,1,0.24
0.013877315,14,6,0,0,1,0.4
0.013935185,14,6,0,0,1,0.4
0.015393519,14,6,0,0,1,0.4
0.016851852,14,6,0,0,1,0.4
0.017361111,14,6,0,0,1,0.58
0.017407407,14,6,0,0,1,0.58
0.018865741,14,6,0,0,1,0.58
0.020335648,14,6,0,0,1,0.58
0.020844907,14,6,0,0,1,0.74
0.020902778,14,6,0,0,1,0.74
0.022384259,14,6,0,0,1,0.74
0.023854167,14,6,0,0,1,0.74
0.024328704,14,6,0,0,1,0.9
0.024375,14,6,0,0,1,0.9
0.025833333,14,6,0,0,1,0.9
0.027407407,14,6,0,0,1,0.9
0.0278125,14,6,0,0,1,1.08
8.10185E-05,16,7,0,0,0,0
0.0015625,16,7,0,0,0,0
0.003043981,16,7,0,0,0,0
0.003483796,16,7,0,0,0,0.03
0.003553241,16,7,0,0,0,0.03
0.005034722,16,7,0,0,0,0.03
0.006527778,16,7,0,0,0,0.03
0.006967593,16,7,0,0,0,0.15
0.007037037,16,7,0,0,0,0.15
0.008518519,16,7,0,0,0,0.15
0.009988426,16,7,0,0,0,0.15
0.010451389,16,7,0,0,0,0.26
0.010509259,16,7,0,0,0,0.26
0.011979167,16,7,0,0,0,0.26
0.013472222,16,7,0,0,0,0.26
0.013935185,16,7,0,0,0,0.4
0.014016204,16,7,0,0,0,0.4
0.015486111,16,7,0,0,0,0.4
0.016944444,16,7,0,0,0,0.4
0.017418981,16,7,0,0,0,0.54
0.017465278,16,7,0,0,0,0.54
0.018923611,16,7,0,0,0,0.54
0.020381944,16,7,0,0,0,0.54
0.020902778,16,7,0,0,0,0.68
0.020960648,16,7,0,0,0,0.68
0.022418981,16,7,0,0,0,0.68
0.023877315,16,7,0,0,0,0.68
0.024386574,16,7,0,0,0,0.82
0.02443287,16,7,0,0,0,0.82
0.025891204,16,7,0,0,0,0.82
0.027349537,16,7,0,0,0,0.82
0.02787037,16,7,0,0,0,0.97
0.027916667,16,7,0,0,0,0.97
0.029375,16,7,0,0,0,0.97
0.030833333,16,7,0,0,0,0.97
0.031354167,16,7,0,0,0,1.11
0.031412037,16,7,0,0,0,1.11
0.032893519,16,7,0,0,0,1.11
0.034560185,16,7,0,0,0,1.11
0.034837963,16,7,0,0,0,1.25
5.78704E-05,10,4,0,0,0,0
0.001516204,10,4,0,0,0,0
0.002986111,10,4,0,0,0,0
0.003483796,10,4,0,0,0,0.06
0.003530093,10,4,0,0,0,0.06
0.005,10,4,0,0,0,0.06
0.006458333,10,4,0,0,0,0.06
0.006967593,10,4,0,0,0,0.15
0.007025463,10,4,0,0,0,0.15
0.008483796,10,4,0,0,0,0.15
0.009976852,10,4,0,0,0,0.15
0.010439815,10,4,0,0,0,0.28
0.010497685,10,4,0,0,0,0.28
0.011967593,10,4,0,0,0,0.28
6.94444E-05,4,12,0,0,0,0
0.001539352,4,12,0,0,0,0
0.003009259,4,12,0,0,0,0
0.003483796,4,12,0,0,0,0.23
0.003541667,4,12,0,0,0,0.23
0.005011574,4,12,0,0,0,0.23
0.006481481,4,12,0,0,0,0.23
0.006967593,4,12,0,0,0,0.42
0.007025463,4,12,0,0,0,0.42
0.00849537,4,12,0,0,0,0.42
0.009965278,4,12,0,0,0,0.42
0.010451389,4,12,0,0,0,0.6
0.010509259,4,12,0,0,0,0.6
0.011979167,4,12,0,0,0,0.6
0.013449074,4,12,0,0,0,0.6
0.013935185,4,12,0,0,0,0.81
0.013993056,4,12,0,0,0,0.81
0.015451389,4,12,0,0,0,0.81
0.016921296,4,12,0,0,0,0.81
0.017418981,4,12,0,0,0,1.04
0.017476852,4,12,0,0,0,1.04
0.018946759,4,12,0,0,0,1.04
0.020416667,4,12,0,0,0,1.04
0.020902778,4,12,0,0,0,1.04
0.020972222,4,12,0,0,0,1.04
0.02244213,4,12,0,0,0,1.04
0.023900463,4,12,0,0,0,1.04
0.024386574,4,12,0,0,0,1.08
0.024444444,4,12,0,0,0,1.08
0.025914352,4,12,0,0,0,1.08
0.027384259,4,12,0,0,0,1.08
0.02787037,4,12,0,0,0,1.12
0.027916667,4,12,0,0,0,1.12
0.029386574,4,12,0,0,0,1.12